building,img,actual_style,vae_x,vae_y,actual_style.1,tsne_x_5,tsne_y_5,tsne_x_30,tsne_y_30,tsne_x_50,tsne_y_50,tsne_x_100,tsne_y_100
Saint Isaac's Cathedral,https://upload.wikimedia.org/wikipedia/commons/thumb/8/83/Saint_Isaac%27s_Cathedral_in_SPB.jpeg/1200px-Saint_Isaac%27s_Cathedral_in_SPB.jpeg,russian,0.08122633397579193,0.7307227849960327,russian,23.42263984680176,-50.21919631958008,5.817544937133789,-6.708994388580322,2.793200731277466,1.6994004249572754,-0.13818807899951935,-2.2775425910949707
Tempio Malatestiano,https://upload.wikimedia.org/wikipedia/commons/thumb/1/11/Tempio_Malatestiano_Rimini.jpg/1200px-Tempio_Malatestiano_Rimini.jpg,renaissance,-0.38686788082122797,0.401129812002182,renaissance,-6.4678568840026855,39.87317657470703,-4.606987476348877,-0.5483295321464539,-4.999847412109375,0.7736055850982666,-2.971776247024536,-0.21926574409008026
Pisa Cathedral,http://www.opapisa.it/wp-content/uploads/2014/11/MG_0007rw720.jpg,romanesque,-2.9220552444458012,0.3669886589050293,romanesque,-73.50293731689453,44.30381393432617,-13.000354766845705,-4.170206069946288,-5.56736421585083,-4.307689666748047,-4.0872578620910645,-1.9413481950759888
Los Manantiales,https://images.adsttc.com/media/images/5346/1fad/c07a/80f9/4d00/009f/large_jpg/FlickrDuncanC.jpg?1397104531,modernist,3.042834758758545,-0.14745265245437622,modernist,-40.23200607299805,-90.623046875,12.351855278015135,0.7682370543479919,7.295588970184326,6.239514827728272,-0.9571074843406676,-4.745142936706543
Belweder,https://upload.wikimedia.org/wikipedia/commons/thumb/6/6d/Belweder_%283%29.JPG/1200px-Belweder_%283%29.JPG,neoclassicism,-0.457336962223053,-0.4297696650028229,neoclassicism,4.42356538772583,5.525280475616455,-3.090395212173462,5.554749965667725,-3.2487223148345947,4.628376483917236,-1.6371378898620603,0.5595206022262573
Scuola Grande di San Marco,https://upload.wikimedia.org/wikipedia/commons/thumb/a/a5/Venezia_-_Ospedale_-_Foto_G._Dall%27Orto%2C_2_lug_2006_-_03.jpg/1200px-Venezia_-_Ospedale_-_Foto_G._Dall%27Orto%2C_2_lug_2006_-_03.jpg,renaissance,-0.03902570903301239,1.0249209403991701,renaissance,1.4012153148651123,-38.41395950317383,2.012871265411377,-4.955546855926514,1.2448846101760864,0.4158346652984619,-0.5453476905822754,-1.6844648122787476
Smolny Convent,https://media-cdn.tripadvisor.com/media/photo-s/01/8e/90/f3/smolny-cathedral.jpg,russian,-2.496039867401123,-1.1894794702529907,russian,57.39923858642578,57.86557388305664,-11.651622772216795,6.407768726348878,-8.806934356689453,7.1753363609313965,0.3588582873344421,0.20849454402923584
Hoover Building,https://upload.wikimedia.org/wikipedia/commons/thumb/4/4e/Hoover_Building.jpg/1200px-Hoover_Building.jpg,art_deco,0.11110125482082367,-1.7307401895523071,art_deco,30.340354919433594,-13.855934143066404,3.247560739517212,6.294970989227295,0.17205087840557098,6.292858123779298,-3.0286290645599365,1.8365026712417605
Geisel Library,https://upload.wikimedia.org/wikipedia/commons/thumb/4/44/Geisel_Library%2C_UCSD.jpg/1200px-Geisel_Library%2C_UCSD.jpg,modernist,1.8717584609985352,-1.0910018682479858,modernist,-38.75688552856445,-77.01112365722656,10.350492477416992,2.5247552394866943,5.4341139793396,6.503065586090088,-1.3319363594055176,-4.04245662689209
Yellow Crane Tower,http://www.chinaexploration.com/uploads/allimg/160804/13-160P41G053.jpg,chinese,1.40948486328125,2.2805004119873047,chinese,76.75476837158203,-23.63164138793945,3.562164783477783,13.004584312438965,6.8484601974487305,-1.2213505506515503,1.2097944021224976,1.876884937286377
Supreme Court of Canada,http://www.scc-csc.ca/images/splash-exterior2.jpg,art_deco,0.10837915539741516,-0.8076425790786743,art_deco,15.534616470336914,-5.3360934257507315,-0.8664036989212036,4.915158748626709,-2.140362024307251,3.5598456859588623,-2.151233434677124,0.6941178441047668
Cologne Cathedral,http://3.bp.blogspot.com/-Fd20QNG5lMY/Ubr15eGhcKI/AAAAAAAAF2Y/gCgpsZXYnt8/s1600/Koln-4.jpg,gothic,-0.9579142332077026,2.183896541595459,gothic,-47.97567367553711,64.08940124511719,-4.378961086273193,-9.003693580627441,-0.4052748084068297,-4.11358118057251,1.5616369247436523,-0.7599875926971436
Spasskaya Tower,https://upload.wikimedia.org/wikipedia/commons/thumb/9/9e/Spaskaja_Ba%C5%A1%C5%88a_%28%D1%81%D0%BF%D0%B0%D1%81%D1%81%D0%BA%D0%B0%D1%8F_%D0%B1%D0%B0%D1%88%D0%BD%D1%8F%29_The_Saviour_tower_%286078983317%29.jpg/1200px-Spaskaja_Ba%C5%A1%C5%88a_%28%D1%81%D0%BF%D0%B0%D1%81%D1%81%D0%BA%D0%B0%D1%8F_%D0%B1%D0%B0%D1%88%D0%BD%D1%8F%29_The_Saviour_tower_%286078983317%29.jpg,russian,0.2044919133186341,1.4966700077056885,russian,23.1691951751709,-55.67413711547852,5.9925475120544425,-5.550353050231934,3.975143194198608,0.6999297738075256,0.16021846234798431,-2.2848918437957764
Menshikov Palace,http://www.saint-petersburg.com/images/museums/hermitage-museum/menshikov-palace/menshikov-palace-in-st-petersburg.jpg,russian,-0.6086648106575012,-0.2968440353870392,russian,4.110708713531493,8.735672950744629,-3.874800682067871,4.5403008460998535,-3.820954561233522,4.274600028991698,-1.5003331899642944,0.2537839412689209
Villa Farnese,https://upload.wikimedia.org/wikipedia/commons/thumb/6/6b/Palazzo_Farnese_%28Caprarola%29.jpg/1200px-Palazzo_Farnese_%28Caprarola%29.jpg,renaissance,-0.08128330111503601,0.42447778582572937,renaissance,0.262818455696106,12.914774894714355,-3.5220420360565186,2.348475456237793,-2.0629589557647705,1.1946262121200562,-1.7591646909713743,-0.3420435786247253
Monticello,https://s3.amazonaws.com/vaorg-listingimages/28239/West-Front_Monticello-JLooney-26aug2013-0056_work.jpg,neoclassicism,-0.2031916081905365,-0.4487021565437317,neoclassicism,5.993943214416504,4.449572563171387,-2.472968339920044,5.274245262145996,-3.0345363616943364,4.270451068878174,-1.826637983322144,0.6240440011024475
Catedral de Burgos,https://i.ytimg.com/vi/AbHRarT_SYU/maxresdefault.jpg,gothic,-1.6396522521972656,2.7302570343017583,gothic,-41.57573699951172,75.00296783447266,-5.301770210266113,-11.104902267456056,0.7082186341285706,-5.0682029724121085,2.341269493103028,-1.051555633544922
Villa Farnesina,http://www.villafarnesina.it/wp-content/uploads/2011/08/image81-632x372.jpg,renaissance,-0.21811026334762573,0.058164041489362724,renaissance,-12.129980087280273,32.175708770751946,-4.954362869262695,1.234933853149414,-3.7223191261291504,1.282454252243042,-2.3246350288391118,0.15521973371505735
Leon Cathedral,https://upload.wikimedia.org/wikipedia/commons/1/1d/Catedral_G%C3%B3tica_de_Le%C3%B3n.jpg,gothic,-0.9563403129577636,2.4305920600891118,gothic,34.83860015869141,-76.53890228271484,-0.06180381774902344,-9.985247611999512,2.129741668701172,-3.300852537155152,1.50413715839386,-1.6285130977630615
Saint Sernin,https://upload.wikimedia.org/wikipedia/commons/thumb/7/7f/Basilique_Saint-Sernin_de_Toulouse_-_exposition_ouest-1-.jpg/1200px-Basilique_Saint-Sernin_de_Toulouse_-_exposition_ouest-1-.jpg,romanesque,-0.5822086930274963,0.7766198515892029,romanesque,17.896717071533203,-76.739501953125,0.2641506493091583,-6.489001274108888,0.8725839257240295,-0.844684362411499,-1.0629526376724243,-1.6130183935165403
Chateau de Fontainebleau,https://upload.wikimedia.org/wikipedia/commons/thumb/8/85/Le_Grand_Escalier_%C3%A0_Fer_de_Cheval.jpg/300px-Le_Grand_Escalier_%C3%A0_Fer_de_Cheval.jpg,renaissance,-0.024781733751297,0.5068627595901489,renaissance,1.7864830493927002,37.35226058959961,-3.13088321685791,0.07185032963752748,-4.790320873260498,1.9493253231048584,-2.7349464893341064,0.1993221491575241
Songyue Pagoda,https://9968c6ef49dc043599a5-e151928c3d69a5a4a2d07a8bf3efa90a.ssl.cf2.rackcdn.com/678017.jpg,chinese,1.0888094902038574,1.4076952934265137,chinese,25.60346984863281,-59.192848205566406,7.094246864318848,-4.757594108581543,5.130151748657227,0.3808660805225372,0.6851580142974854,-2.444619655609131
Bremen Town Hall,https://i.ytimg.com/vi/lnOWJO3jZ7U/maxresdefault.jpg,renaissance,-0.4253379702568054,1.212951898574829,renaissance,-45.72919464111328,44.02389144897461,-2.130522966384888,3.5128211975097656,-2.5032501220703125,2.340258836746216,-1.9480561017990112,0.13929127156734467
Somerset House,http://www.forme.uk.com/pictures/Life/SomersetHouse/~EDsXU3rc/1M8E4915.jpg,neoclassicism,-0.4080910682678223,-0.8467105627059937,neoclassicism,-0.6061713099479675,1.4089318513870241,-2.9054818153381348,8.453643798828125,-3.0357990264892583,6.2472968101501465,-1.649518370628357,1.3455510139465332
State Historical Museum,https://upload.wikimedia.org/wikipedia/commons/thumb/b/b0/Pa%C5%84stwowe_Muzeum_Historyczne_w_Moskwie_01.JPG/1200px-Pa%C5%84stwowe_Muzeum_Historyczne_w_Moskwie_01.JPG,russian,0.08900616317987442,0.8709232807159424,russian,-0.7250217199325562,-33.488853454589844,1.9522154331207275,-3.044490098953247,0.994171142578125,1.6936615705490112,-0.5684245824813843,-0.8268506526947021
Church of the Deposition of the Robe,http://www.best-bookings.com/wp-content/uploads/2013/07/Mosca_Chiesa_Deposizione_Veste_copertina.jpg,russian,0.1608821451663971,1.101266622543335,russian,17.322690963745114,-52.96907806396485,4.1952600479125985,-5.969701290130615,2.80908465385437,0.7313255071640015,-0.3422656059265137,-1.8031842708587649
The Old England Building,https://upload.wikimedia.org/wikipedia/commons/thumb/5/54/Brussels_Old_England_building_01.jpg/2448px-Brussels_Old_England_building_01.jpg,art_nouveau,0.5332291126251221,-0.2631133198738098,art_nouveau,-50.5342025756836,-14.159281730651855,1.7560763359069824,3.169250011444092,-7.603867530822754,0.6011312007904053,-1.0321649312973022,1.2898926734924316
Church of Our Lady,https://upload.wikimedia.org/wikipedia/commons/thumb/7/78/Church_Of_Our_Lady_Bruges.jpg/250px-Church_Of_Our_Lady_Bruges.jpg,gothic,-0.6507814526557922,1.6907323598861694,gothic,24.906940460205078,-73.68359375,0.4375741183757782,-8.794960975646973,1.8543932437896729,-2.3698978424072266,0.857441246509552,-1.327110767364502
Palazzo Ducale Urbino,http://www.terrediurbino.it/Handlers/ImageFlower.ashx?image=511068%2Fpd-1.jpg&class=entity_minislide(wide)&doc=10682&lan=it&crop=cf,renaissance,0.06623139977455139,0.6188341379165649,renaissance,1.6253921985626218,47.5030288696289,-3.8984453678131104,-2.1169917583465576,-6.2773494720458975,1.5349454879760742,-3.6578102111816406,0.15378513932228088
Cluny Abbey,https://travelpast50.com/wp-content/uploads/2015/05/photo-exterior-cluny-france-abbey.jpg,romanesque,-3.762260437011719,0.47964569926261896,romanesque,-76.98783111572266,49.584716796875,-13.483832359313965,-5.818950653076173,-5.802382946014402,-5.13456916809082,-4.313911437988281,-2.111287832260132
Autun Cathedral,https://upload.wikimedia.org/wikipedia/commons/thumb/6/6c/Autun_cathedrale.jpg/1200px-Autun_cathedrale.jpg,romanesque,-0.2226844131946564,1.2918130159378052,romanesque,24.189123153686523,-78.64122009277344,1.5740346908569336,-7.792397499084473,2.192166805267334,-1.244727373123169,0.2399064153432846,-1.516217827796936
York Minster,http://s4.thingpic.com/images/3g/EwikVhDZAGTHuApBxCoMaLxw.jpeg,gothic,-2.0606935024261475,2.1472156047821045,gothic,-46.16907501220703,67.27606201171875,-4.0340185165405265,-10.173481941223145,-0.4563763737678528,-5.141618251800537,2.111580371856689,-0.9665669798851012
Chateau de Blois,http://en.chateaudeblois.fr/uploads/Image/a2/19477_575_Aile-Francois-1er-Photo-F.jpg,renaissance,0.2387783080339432,0.446180522441864,renaissance,-1.436889410018921,46.37643432617188,-3.1681480407714844,-1.5553724765777588,-6.1196112632751465,1.9548279047012331,-3.5864875316619886,0.2233910858631134
Palazzo del Te,https://upload.wikimedia.org/wikipedia/commons/thumb/f/f4/Palazzo_Te_Mantova_4.jpg/1200px-Palazzo_Te_Mantova_4.jpg,renaissance,0.6514334082603455,0.9421457052230836,renaissance,-2.225327968597412,9.339082717895508,2.637917280197144,-0.8758096694946289,0.6277125477790833,2.419355869293213,-0.7419726848602295,-0.7444406747817993
Guggenheim Museum,http://www.aviewoncities.com/img/nyc/kveus7362s.jpg,modernist,2.964152574539185,-1.9702469110488887,modernist,-41.05814743041992,-86.77791595458984,12.435867309570312,1.6182295083999634,7.044761657714844,6.517475605010986,-1.0078160762786863,-4.713142395019531
Sydney Opera House,http://www.nationsonline.org/gallery/Australia/Sydney-Opera-House-Sails.jpg,modernist,2.304405450820924,0.4973905980587006,modernist,-18.016756057739254,-74.4576644897461,10.500619888305664,-0.17827847599983215,6.418015003204348,4.845315933227539,-0.44668591022491455,-4.215373516082764
Poznan Town Hall,https://upload.wikimedia.org/wikipedia/commons/thumb/e/e0/Poznan_10-2013_img10_Town_hall.jpg/1200px-Poznan_10-2013_img10_Town_hall.jpg,renaissance,-0.8930027484893799,-0.2432160675525665,renaissance,7.8466248512268075,13.195626258850098,1.6029700040817259,-1.8176167011260984,-5.514711856842041,4.877565383911133,-0.986649751663208,-0.3701707720756531
Pazzi Chapel,https://upload.wikimedia.org/wikipedia/commons/thumb/f/f9/Pazzi_Chapel_Santa_Croce_Apr_2008_P.JPG/1200px-Pazzi_Chapel_Santa_Croce_Apr_2008_P.JPG,renaissance,0.3281095325946808,0.4407755434513092,renaissance,-1.2922447919845579,48.14850997924805,-2.9159052371978764,-1.865418553352356,-6.397603988647461,2.230168581008911,-3.6864011287689213,0.21413488686084747
Cathedral of the Annunciation,https://upload.wikimedia.org/wikipedia/commons/thumb/3/35/The_Annunciation_Cathedral%2C_Kremlin%2C_Moscow_%284030612191%29.jpg/1200px-The_Annunciation_Cathedral%2C_Kremlin%2C_Moscow_%284030612191%29.jpg,russian,-0.05561479926109314,0.7774413228034973,russian,20.180084228515625,-48.68011856079102,5.139801502227783,-7.238022327423098,2.50708532333374,1.2001450061798096,-0.4531551599502564,-2.2119977474212646
Blackstone Hotel,http://www.chicagobusiness.com/apps/pbcsi.dll/storyimage/CG/20150930/CRED03/150929801/AR/0/Sage-Hospitality-hires-Eastdil-Secured-to-sell-Blackstone-Hotel.jpg,neoclassicism,-0.5056585073471069,-1.1908732652664185,neoclassicism,-19.025165557861328,-1.170392394065857,-2.805693387985229,10.165628433227539,-3.5076279640197754,7.469455242156982,-1.7806607484817505,1.933002233505249
Chateau de Chambord,http://www.loireavelo.fr/var/crtc/storage/images/media/socle/images/themes/monument/le-chateau-de-chambord-se-refletant-dans-l-eau/5068455-1-fre-FR/le-chateau-de-chambord-se-refletant-dans-l-eau.jpg,renaissance,0.1156160980463028,0.4945231676101685,renaissance,3.078568458557129,40.07829666137695,-2.467116355895996,0.08192814886569977,-4.9728126525878915,2.676950454711914,-2.720236301422119,0.4072274565696716
Gurk Cathedral,https://farm6.staticflickr.com/5063/5602977125_46a229a114_c.jpg,romanesque,-2.1602430343627934,-0.10141070187091827,romanesque,-71.04339599609375,33.754161834716804,-10.800950050354004,-5.121525764465332,-5.583992004394531,-2.4546103477478027,-3.3324198722839355,-1.4669673442840576
Eastern Columbia Building,https://upload.wikimedia.org/wikipedia/commons/3/3e/Eastern_Columbia_Building%2C_Downtown_Los_Angeles.jpg,art_deco,0.3748449087142944,-1.52303147315979,art_deco,24.77848052978516,-8.654597282409668,1.9565014839172363,6.041184425354004,-0.5027696490287781,5.5633277893066415,-2.791266441345215,1.4712729454040527
Palazzo Massimo alle Colonne,https://upload.wikimedia.org/wikipedia/commons/thumb/6/66/Palazzo_Massimo_alle_Colonne.jpg/1200px-Palazzo_Massimo_alle_Colonne.jpg,renaissance,0.23545753955841064,-0.5979247093200684,renaissance,16.326406478881836,-1.5920263528823853,-0.7259995937347412,4.131927013397217,-2.936906337738037,3.5215811729431152,-1.9837476015090945,0.6881040334701538
Palazzo Medici Riccardi,https://upload.wikimedia.org/wikipedia/commons/thumb/f/fc/Palazzo_Medici_Riccardi_by_night_01.JPG/1200px-Palazzo_Medici_Riccardi_by_night_01.JPG,renaissance,0.09033189713954927,0.5246073603630066,renaissance,-0.1099962666630745,38.58794784545898,-3.233771562576294,-0.06805003434419632,-4.921097278594972,1.9860146045684808,-2.801465511322021,0.2902079522609711
Cathedral of St. Sophia,https://upload.wikimedia.org/wikipedia/commons/thumb/d/d9/Saint_Sophia_Cathedral_in_Novgorod.jpg/1200px-Saint_Sophia_Cathedral_in_Novgorod.jpg,russian,-2.357565402984619,-1.0330114364624023,russian,60.6747932434082,56.88154983520508,-11.651739120483398,6.9272284507751465,-8.970687866210938,7.11893367767334,-1.8161704540252688,-2.5071258544921875
St. Andrew's Church Krakow,https://upload.wikimedia.org/wikipedia/commons/f/fe/Krakow_kosciol_20071229_1246.jpg,romanesque,-0.3481540083885193,0.8035097122192383,romanesque,18.36825561523437,-48.18022537231445,4.544607639312744,-7.545457363128662,2.3512840270996094,0.5160591602325441,-0.6548928022384644,-2.146178722381592
San Michele Pavia,http://www.lombardiabeniculturali.it/img_db/bca/PV240/1/l/3_pv240-00003_01.jpg,romanesque,-1.67210853099823,0.4065534472465515,romanesque,-65.01168823242189,38.95562362670898,-9.98122501373291,-3.85313868522644,-4.658737659454347,-2.356507062911988,-3.1888465881347656,-1.1973832845687866
Church of San Giorgio Maggiore,https://upload.wikimedia.org/wikipedia/commons/thumb/0/07/Basilica_di_San_Giorgio_Maggiore_%28Venice%29.jpg/1200px-Basilica_di_San_Giorgio_Maggiore_%28Venice%29.jpg,renaissance,0.7722420692443848,0.4003433585166931,renaissance,-0.09269431978464128,53.6585578918457,-1.6559675931930542,-2.888456106185913,-7.637938499450684,3.087068796157837,-4.51776647567749,0.3700648844242096
Great Mosque of Xi'an,https://static.thousandwonders.net/Great.Mosque.of.Xi%27an.original.6207.jpg,chinese,0.3013295531272888,1.9155925512313845,chinese,69.412353515625,-20.310760498046875,0.6462894082069397,7.6911253929138175,-1.0016779899597168,3.812079429626465,-2.1098003387451167,0.8933085203170776
Durham Cathedral,http://www.englishcathedrals.co.uk/wp-content/uploads/2012/10/Cathedral_Durham11.jpg,romanesque,-1.744781494140625,0.6568277478218079,romanesque,-65.09516143798828,34.92821502685547,-10.298179626464844,-3.097710371017456,-4.268433094024658,-2.7857441902160645,-3.244026660919189,-1.3453806638717651
Trinity Lavra of St Serguis,https://cdni.rbth.com/rbthmedia/images/images/travel/lavra/lori-0005775584-fullsize.jpg,russian,-2.610769271850586,-1.1156551837921145,russian,59.410682678222656,59.38389587402344,-12.07697582244873,6.092887878417969,-8.850146293640137,7.5631513595581055,0.4084076881408691,0.20860187709331512
Museum of Applied Arts,https://upload.wikimedia.org/wikipedia/commons/1/11/Museum_of_Applied_Arts_%28Budapest%29.jpg,art_nouveau,0.6433966159820557,-0.007411765400320291,art_nouveau,-51.7462158203125,-21.607011795043945,2.65812349319458,1.7383701801300049,-7.694204330444336,-0.3973173499107361,-0.583813488483429,1.5067470073699951
US Air Force Academy Cadet Chapel,https://upload.wikimedia.org/wikipedia/commons/thumb/a/ad/Air_Force_Academy_Chapel%2C_Colorado_Springs%2C_CO_04090u_original.jpg/1200px-Air_Force_Academy_Chapel%2C_Colorado_Springs%2C_CO_04090u_original.jpg,modernist,2.1955547332763667,-0.14136679470539093,modernist,-16.852588653564453,-72.30241394042969,9.97591495513916,-0.7580499649047852,6.160307884216309,4.32916259765625,-0.2799005508422852,-3.9430027008056636
Neue Nationalgalerie,https://upload.wikimedia.org/wikipedia/commons/thumb/a/a8/Neue_Nationalgalerie_Berlin.jpg/1200px-Neue_Nationalgalerie_Berlin.jpg,modernist,3.134584188461304,-0.3875882923603058,modernist,-38.862491607666016,-89.7515869140625,12.52625846862793,0.8034033775329591,7.333514213562013,6.29850435256958,-0.9748903512954712,-4.765233516693115
Worms Cathedral,https://upload.wikimedia.org/wikipedia/commons/thumb/8/82/St._Peter%27s_Cathedral_Worms_south_side.JPG/1200px-St._Peter%27s_Cathedral_Worms_south_side.JPG,romanesque,-1.0144728422164917,0.8581857085227966,romanesque,-51.753761291503906,46.98272705078125,-6.663455009460449,-4.127582550048828,-2.8157198429107666,-0.8720673322677612,-2.2516567707061768,-0.6981126666069031
Santa Maria del Mar,https://i.pinimg.com/originals/45/f9/a8/45f9a8a9d63ef21769f3987f2f4b3c66.jpg,gothic,-1.4514446258544922,0.5278637409210205,gothic,-59.65417861938477,39.68415832519531,-8.877240180969238,-3.633425235748291,-4.074626445770264,-1.7150286436080933,-2.787755489349365,-0.9370420575141908
Imperial Palace,http://hua.umf.maine.edu/China/HistoricBeijing/Forbidden_City/images/15ImperialSupremacy_FSC_5223w.jpg,chinese,1.4282833337783811,2.3160841464996342,chinese,78.13960266113281,-25.009096145629893,3.950483798980713,13.49121379852295,7.173300743103027,-1.1591149568557741,1.5031145811080933,1.934639573097229
Basilica of San Zeno,https://carryoncouple.files.wordpress.com/2012/10/wpid-photo-oct-28-2012-356-pm.jpg,romanesque,-1.9363451004028318,0.3082660436630249,romanesque,-70.47430419921875,37.12242889404297,-11.147197723388672,-4.4071125984191895,-5.123991012573242,-3.161494255065918,-3.5358257293701167,-1.5384511947631836
Moissac Abbey,https://upload.wikimedia.org/wikipedia/commons/thumb/e/ed/Moissac_4.jpg/1200px-Moissac_4.jpg,romanesque,-1.8994739055633545,0.6825751662254333,romanesque,-65.62684631347656,47.21719360351562,-9.835159301757812,-5.333148956298828,-4.035651206970215,-3.2723891735076904,-3.3062524795532227,-1.378784418106079
Buckingham Palace,https://www.royal.uk/sites/default/files/images/feature/buckingham-palace.jpg,neoclassicism,0.08499038964509964,-1.093899488449097,neoclassicism,23.2733097076416,-4.9597811698913565,-0.1835739016532898,5.786250114440918,-2.1596014499664307,4.326870918273927,-2.089428186416626,0.9065838456153872
Vilnius Cathedral,https://media-cdn.tripadvisor.com/media/photo-s/0a/dc/d3/36/outside-the-vilnius-cathedral.jpg,neoclassicism,-0.7482974529266357,-1.3426635265350342,neoclassicism,-20.706127166748047,-4.797285556793213,-4.176462173461913,9.913093566894533,-2.8968467712402344,7.617339611053468,-1.6801154613494873,2.04140305519104
Summer Palace,http://www.swaindestinations.com/asia/images/activities/background/great-wall-at-mutianyu-and-summer-palace.jpg,chinese,2.125487804412842,2.4971272945404053,chinese,84.76798248291016,-26.59787940979004,3.903979778289795,15.509597778320312,8.376423835754395,-2.2811639308929443,1.9290302991867063,2.294583320617676
St. Michael's Church,https://i.pinimg.com/originals/dc/f6/4d/dcf64da158ebbc763e9c82a9f51bb81b.jpg,romanesque,-2.862129211425781,0.3573650419712067,romanesque,-74.96825408935547,45.30109405517578,-12.955586433410645,-4.763605117797852,-5.679587841033936,-4.416800022125244,-4.0966620445251465,-1.9533747434616089
Giant Wild Goose Pagoda,https://upload.wikimedia.org/wikipedia/commons/thumb/1/13/Giant_Wild_Goose_Pagoda.jpg/1200px-Giant_Wild_Goose_Pagoda.jpg,chinese,0.5021159648895264,1.5583631992340088,chinese,24.04904937744141,-57.45934677124024,6.687222480773926,-5.227668285369873,4.56980562210083,0.5151829719543457,0.5325257182121277,-2.49682879447937
Cathedral of Brasilia,https://i.pinimg.com/originals/a5/af/83/a5af8302a87e99c0967ac08fd7fc444d.jpg,modernist,0.9483893513679504,1.01333487033844,modernist,-8.697454452514647,-68.65357971191406,7.808598041534424,-2.2410268783569336,5.207260608673097,2.607883930206299,-0.018641082569956783,-2.885889768600464
NBC Tower,http://www.chicagoarchitecture.info/Images/NearNorthSide/NBCTower-004.jpg,art_deco,0.4026440978050232,-3.372361183166504,art_deco,44.06895446777344,-14.758440971374512,6.474275588989258,7.440204620361327,1.445432424545288,8.423799514770508,-4.058640956878662,2.7476003170013428
Peterborough Cathedral,http://easterncathedrals.org.uk/img/main/main-peterborough.jpg,romanesque,-1.3310545682907104,0.4760939180850983,romanesque,-60.4435920715332,37.80265426635742,-9.253718376159668,-3.6489167213439937,-4.088651180267334,-2.0459949970245357,-2.891704559326172,-1.1068525314331057
Porto Cathedral,https://media-cdn.sygictraveldata.com/media/800x600/612664395a40232133447d33247d383333343530373830,romanesque,-1.8164721727371216,0.3060571849346161,romanesque,-67.39874267578125,38.72804641723633,-10.501916885375977,-4.141637325286865,-4.935297966003418,-2.725846290588379,-3.3769524097442627,-1.386570930480957
Palace of Earthly Tranquility,http://www.beijingattractions.org/UploadFiles/ImageBase/32bb9c8bf00eeec0fd1f1000.jpg,chinese,2.0545589923858643,2.965233564376831,chinese,88.63526916503906,-30.680742263793945,5.358407497406006,14.997753143310547,8.497520446777344,-1.3237555027008057,2.0640919208526607,2.1536192893981934
Tournai Cathedral,https://upload.wikimedia.org/wikipedia/commons/thumb/0/03/Tournai_pan.jpg/1200px-Tournai_pan.jpg,romanesque,-1.0501167774200442,0.3758340477943421,romanesque,-57.52745819091797,40.93703079223633,-8.237166404724121,-3.173280477523804,-3.7958354949951167,-1.074498414993286,-2.488672971725464,-0.6586233973503113
Mutual Building,https://upload.wikimedia.org/wikipedia/commons/thumb/9/95/Mutual_Building_Cape_Town_000r.jpg/240px-Mutual_Building_Cape_Town_000r.jpg,art_deco,0.5973799228668213,-2.032141923904419,art_deco,32.71031951904297,-16.310964584350586,4.138901233673097,6.513864040374756,0.7501915693283081,6.810381889343263,-3.469365119934082,2.1856043338775635
San Miniato al Monte,https://www.travel365.it/foto/san-miniato-firenze-3.jpg,romanesque,-0.4484418034553528,0.4175412654876709,romanesque,-10.299938201904297,39.252403259277344,-5.784219741821289,-0.6825377941131592,-4.214995861053467,0.362317830324173,-2.750586748123169,-0.3914410173892975
Basilica of Saint Servatius,https://upload.wikimedia.org/wikipedia/commons/thumb/3/35/Basilica_of_Saint_Servatius%2C_Maastricht%2C_2016.jpg/1200px-Basilica_of_Saint_Servatius%2C_Maastricht%2C_2016.jpg,romanesque,-0.5731430053710938,1.2881127595901491,romanesque,24.711091995239247,-76.65839385986328,1.1083184480667114,-8.024355888366701,1.9962698221206665,-1.5759669542312622,0.3749233782291413,-1.425240159034729
Palace of Charles V,https://upload.wikimedia.org/wikipedia/commons/thumb/a/aa/Alhambra_-_Palacio_Carlos_V._-_South.jpg/700px-Alhambra_-_Palacio_Carlos_V._-_South.jpg,renaissance,-0.24557942152023315,-0.7863339781761169,renaissance,8.908085823059082,3.0160317420959486,-2.0598881244659424,5.881752014160156,-2.784891366958618,4.90646505355835,-1.928087592124939,1.014256477355957
GUM,https://i.pinimg.com/736x/4a/04/39/4a0439d3cd63502cfdcb13e9946ff66e--moscow-russia-department-store.jpg,russian,-0.9587712287902832,-0.4375446736812592,russian,12.663654327392578,18.87444305419922,-5.542393684387207,4.7048916816711435,-4.771302223205566,4.696553707122803,-1.4217392206192017,0.13774922490119934
Iron Pagoda,http://www.publicdomainpictures.net/pictures/10000/velka/iron-pagoda-2961285332393sLyQ.jpg,chinese,1.5575681924819946,2.326171875,chinese,79.73931884765625,-27.31241798400879,4.127429008483887,14.193077087402346,7.404606819152832,-0.7921762466430664,1.7449419498443604,1.882395625114441
Duomo Di Firenze,https://upload.wikimedia.org/wikipedia/commons/3/3b/Duomo_di_Firenze_da_Palazzo_Vecchio.jpg,gothic,0.3096754550933838,0.3880486488342285,gothic,1.7212544679641724,43.45959854125977,-2.46912693977356,-1.0398547649383545,-5.836480140686035,2.4884908199310303,-3.307201385498047,0.31526294350624084
Krakow Cloth Hall,http://media5.trover.com/T/554a6b64e9ae4210bc001185/fixedw_large_4x.jpg,renaissance,0.030460804700851437,0.5086280107498169,renaissance,-0.10477439314126967,36.85511779785156,-3.293735980987549,0.2838809490203857,-4.59398365020752,1.9547787904739384,-2.613779067993164,0.20126964151859286
Bolshoi Theatre,http://www.jackdevant.com/wp-content/uploads/2014/07/bolshoi-theatre-moscow-101.jpg,neoclassicism,-0.7093257308006287,-1.460493803024292,neoclassicism,-18.651609420776367,-6.603816032409668,-3.650797128677368,10.529888153076172,-3.186173439025879,7.945404529571532,-1.7414003610610962,2.2430343627929688
Notre Dame du Haut,https://static.dezeen.com/uploads/2016/07/notre-dame-du-haut-le-corbusier-ronchamp-france-unesco_dezeen_936_3.jpg,modernist,2.754844665527344,-1.3916701078414917,modernist,-40.00300979614258,-84.67510986328125,11.780479431152346,1.5421590805053709,6.691367149353027,6.49125862121582,-1.045482873916626,-4.619241237640381
Basilica of Sant'Ambrogio,https://backoffice.halldis.com/wp-content/uploads/2017/01/Fotolia_18002029_M-1000x715.jpg,romanesque,-2.781585931777954,0.8149685859680176,romanesque,-68.83684539794922,47.75448226928711,-12.217022895812988,-5.793888568878174,-4.889148235321045,-4.440890312194824,-3.9669246673583984,-1.912203907966613
5 Prusa,https://upload.wikimedia.org/wikipedia/commons/0/0d/POL_Wroc%C5%82aw_Secesyjna_Kamienica_Prusa_5.jpg,art_nouveau,0.4833385348320007,-0.8316615223884583,art_nouveau,18.12579345703125,-2.582560539245605,-0.2012230753898621,4.663372039794922,-2.4600629806518555,3.6739013195037837,-2.136566638946533,0.8261845111846924
Seagram Building,https://upload.wikimedia.org/wikipedia/commons/thumb/f/f1/NewYorkSeagram_04.30.2008.JPG/1200px-NewYorkSeagram_04.30.2008.JPG,modernist,2.34063720703125,-1.919287204742432,modernist,-35.377342224121094,-79.65602111816406,10.686532974243164,1.66136372089386,5.895798206329348,6.440220832824707,-1.1100084781646729,-4.3491950035095215
Villa Wagner,https://i.pinimg.com/736x/1a/9b/78/1a9b781349b6340315afd11d81415f38--art-nouveau-architecture-vienna-austria.jpg,art_nouveau,0.6570625901222229,0.118717722594738,art_nouveau,-50.35919952392578,-22.629627227783203,2.574656248092652,1.6908328533172607,-7.48039436340332,-0.4330274164676666,-0.6811120510101318,1.469727635383606
Leaning Tower of Pisa,https://upload.wikimedia.org/wikipedia/commons/6/66/The_Leaning_Tower_of_Pisa_SB.jpeg,romanesque,0.19891437888145447,0.2503139972686768,romanesque,20.194839477539066,-36.343257904052734,3.5744402408599854,-2.45295786857605,1.92711877822876,2.5293192863464355,-0.6352753043174744,-0.7851442694664001
Milan Cathedral,https://upload.wikimedia.org/wikipedia/commons/thumb/7/70/Milan_Cathedral_from_Piazza_del_Duomo.jpg/1200px-Milan_Cathedral_from_Piazza_del_Duomo.jpg,gothic,-0.9868644475936892,2.1479172706604004,gothic,33.708202362060554,-78.08577728271484,0.3975829780101776,-10.110328674316406,2.396662950515747,-3.181929349899292,1.4619408845901491,-1.6977905035018919
Ospedale Degli Innocenti,http://www.museumsinflorence.com/foto/ospedale%20degli%20innocenti/image/FACCIATA.jpg,renaissance,0.05695785582065582,0.464712381362915,renaissance,-4.603510856628418,44.15355682373047,-3.77482008934021,-1.1041797399520874,-5.605949878692627,1.5788832902908323,-3.2756805419921875,0.09860748052597046
Florence Baptistery,https://upload.wikimedia.org/wikipedia/commons/thumb/7/79/Florence_Baptistry.jpg/1200px-Florence_Baptistry.jpg,renaissance,0.1692427396774292,1.0953865051269531,renaissance,15.954813003540039,-54.14513778686523,3.820298194885254,-5.463393688201903,2.982560396194458,0.576422393321991,-0.2579143047332764,-1.714121699333191
California State Capitol,https://c1.staticflickr.com/4/3684/10935503663_000e8bb3e9_b.jpg,neoclassicism,-0.7125651240348816,-1.5554764270782468,neoclassicism,-18.364809036254886,-8.299984931945799,-3.5533330440521236,11.031621932983398,-3.378314971923828,8.260565757751465,-1.7430932521820068,2.4726483821868896
San Vittore alle Chiuse,http://www.iluoghidelsilenzio.it/wp-content/gallery/abbazia-di-san-vittore-alle-chiuse-genga-an/san_vittore_chiuse_15.jpg,romanesque,-2.3201978206634517,0.2472021728754044,romanesque,-71.41657257080078,41.71084213256836,-12.189725875854492,-3.5790295600891118,-5.4915804862976065,-3.6355893611907963,-3.833404541015625,-1.716599702835083
Westminster Abbey,https://s3-media1.fl.yelpcdn.com/bphoto/kjWItooZq2a2DjSkFpCScw/o.jpg,gothic,-1.1294101476669312,1.6041703224182131,gothic,-50.83093643188477,65.89048004150389,-3.821356296539306,-8.777307510375978,-0.9745884537696838,-4.186625003814696,1.5485986471176147,-0.7831979393959045
Birmingham Town Hall,https://upload.wikimedia.org/wikipedia/commons/thumb/1/1a/Birmingham_Town_Hall_from_Chamberlain_Square.jpg/1200px-Birmingham_Town_Hall_from_Chamberlain_Square.jpg,neoclassicism,-1.3121393918991089,-2.1100416183471684,neoclassicism,-24.74819374084473,-8.428235054016112,-5.224959850311278,11.862200736999512,-2.8595304489135738,9.389300346374512,-1.642763614654541,3.049589872360228
Lincoln Cathedral,http://easterncathedrals.org.uk/img/main/main-lincoln.jpg,gothic,-0.410125732421875,1.2769875526428225,gothic,26.1898250579834,-80.68382263183594,1.9613677263259888,-8.590766906738281,2.633843421936035,-1.6135333776474,0.5814363360404968,-1.7489489316940308
Hall of Supreme Harmony,https://upload.wikimedia.org/wikipedia/commons/thumb/8/82/The_Hall_of_Supreme_Harmony.jpg/1200px-The_Hall_of_Supreme_Harmony.jpg,chinese,2.570119857788086,4.088133811950684,chinese,94.84043884277344,-31.36398124694824,6.326094150543213,15.638006210327148,9.192879676818848,-0.9769282937049866,2.302748441696167,2.1700606346130367
Fairmont Peace Hotel,http://www.travellermade.com/wp-content/uploads/2012/07/fairmont-peace-hotel-shanghai-12.png,art_deco,0.4116637110710144,-0.9486108422279358,art_deco,23.80612564086914,-30.44740104675293,5.311584949493408,-2.332099199295044,2.8832001686096187,3.4542243480682373,-0.068766750395298,-1.0066196918487549
National Tobacco Company Building,https://nzhistory.govt.nz/files/styles/fullsize/public/national-tobacco_0.jpg?itok=1qL0sA7jart_deco-national_tobacco_company_Building.jpg,art_deco,0.44730091094970703,-2.7235655784606934,art_deco,40.09751892089844,-18.66978454589844,5.815940380096436,6.663090229034424,1.4337301254272459,7.762490749359131,-3.91914701461792,2.623620748519897
Novodevichy Convent,https://upload.wikimedia.org/wikipedia/commons/d/db/Russie_-_Moscou_-_Novodevichy_4.jpg,russian,-1.2343631982803345,-0.4704368412494659,russian,17.029401779174805,15.38219165802002,-6.3280558586120605,5.7153563499450675,-5.312708377838135,5.539309024810791,-1.0026512145996094,0.3861400783061981
Kazan Cathedral,https://s3.drugiegoroda.ru/4/369/36903-1024px-Moscow_July_2011-11a-1024x698.jpg,russian,-2.0081229209899902,-0.9198887944221495,russian,58.65996551513672,54.19772720336914,-11.352193832397461,5.690837860107423,-8.302112579345701,7.318963050842285,-1.8312904834747321,-2.395188570022583
Parma Cathedral,http://www.piazzaduomoparma.com/en/wp-content/uploads/sites/2/2015/04/edificazione.jpg,romanesque,0.2516755163669586,1.0191751718521118,romanesque,15.278743743896484,-56.03765106201172,3.321669340133667,-5.8610053062438965,2.7623577117919917,0.14544257521629333,-0.2387051284313202,-1.6852076053619385
Palais De La Mediterranee,https://ssl.c.photoshelter.com/img-get2/I00001.H_kU8qVxo/fit=1000x750/France-Nice-Palais-De-La-Mediterranee-Casino.jpg,art_deco,0.2573610842227936,-1.2069592475891109,art_deco,21.780216217041016,-7.047053813934326,0.7524644732475281,5.533825397491455,-1.4588781595230105,4.483898639678955,-2.367600917816162,1.1526991128921509
Antwerp City Hall,https://upload.wikimedia.org/wikipedia/commons/thumb/a/ae/Antwerpen_Stadhuis_crop1_2006-05-28.jpg/1200px-Antwerpen_Stadhuis_crop1_2006-05-28.jpg,renaissance,0.06517698615789412,0.6915157437324524,renaissance,2.921262502670288,-33.04263687133789,-0.6440402865409851,-1.213707685470581,-0.8129854202270508,1.4890245199203491,-1.4582849740982056,-0.4225766062736511
Santa Croce,https://upload.wikimedia.org/wikipedia/commons/thumb/7/7a/Santa_Croce_%28Florence%29_-_Facade.jpg/1200px-Santa_Croce_%28Florence%29_-_Facade.jpg,gothic,-0.5769690275192261,1.7201335430145264,gothic,27.89961814880371,-79.10855865478516,1.4595739841461182,-8.850958824157715,2.556018352508545,-1.9350215196609497,0.7598509192466736,-1.7095905542373655
Notre Dame de Reims,https://purbeckmarblecontrastingfandearchitecture.files.wordpress.com/2015/05/reims-cathedral.jpg,gothic,-1.3572620153427124,3.261905670166016,gothic,-45.05119323730469,74.48133850097656,-4.411367416381836,-11.626179695129395,0.6452616453170776,-5.489973068237305,2.408682346343994,-1.0960459709167478
Church of St Leopold,https://i.pinimg.com/736x/1c/74/d9/1c74d95d521e6a5557f39c64e6d5f10b--hospital-psiqui%C3%A1trico-vienna-secession.jpg,art_nouveau,0.4031711220741272,-0.7914537191390991,art_nouveau,21.180070877075195,-1.0444376468658447,0.08629880100488663,4.318760395050049,-2.2551605701446533,3.3707077503204346,-2.0041854381561284,0.700276255607605
Arc de Triomphe,https://static.thousandwonders.net/Arc.de.Triomphe.original.7168.jpg,neoclassicism,-0.6736702919006348,-1.429413080215454,neoclassicism,-23.42849922180176,-6.335727214813232,-5.151114463806152,11.307663917541506,-2.7084193229675293,9.03418254852295,-1.623908519744873,2.778444766998291
Maria Laach,https://i.pinimg.com/236x/bd/f8/24/bdf82451fd668b497c1be2c5837807fe--santa-maria-jpg.jpg,romanesque,-3.8015761375427246,0.6739909052848816,romanesque,-75.20696258544922,48.61297607421875,-13.59355926513672,-5.394423961639403,-5.677775859832764,-5.066922664642334,-4.290201663970946,-2.1034045219421387
St. Basil's Cathedral,https://cdni.rbth.com/rbthmedia/images/all/2016/07/08/st_basils_cathedral_panthermedia_b81219894_1000.jpg,russian,-2.826533317565918,-1.284868240356445,russian,59.44696426391602,61.71013259887695,-12.49681282043457,6.638131618499756,-9.1925687789917,7.696693420410156,-1.9055031538009644,-2.6370809078216557
San Isidoro de Leon,http://www.arquivoltas.com/12-Leon/Leon%20G00.jpg,romanesque,-2.606149673461914,0.21875891089439392,romanesque,-77.30674743652344,44.14789962768555,-12.330229759216307,-4.9495887756347665,-6.07708215713501,-3.9993114471435534,-4.0171966552734375,-1.8474855422973635
Villa Savoye,https://upload.wikimedia.org/wikipedia/en/3/3c/VillaSavoye.jpg,modernist,3.2606885433197017,-2.0921006202697754,modernist,-41.95573425292969,-88.26837158203125,12.770730018615724,1.39957594871521,7.258875846862793,6.493229389190674,-0.981919527053833,-4.767365455627441
Dormition Cathedral,http://www.pravoslavie.ru/sas/image/102088/208830.p.jpg,russian,-2.8375868797302246,-1.1286001205444336,russian,63.04555892944336,55.59676742553711,-11.56391716003418,7.590015411376952,-9.345463752746582,6.815671443939209,0.4649973809719086,0.19008900225162506
Villa Dirickz,http://www.wowhaus.co.uk/wp-content/uploads/bel111.jpg,modernist,2.4988183975219727,-0.6374654769897461,modernist,-39.81296920776367,-82.5988540649414,11.664806365966795,1.98405396938324,6.497784614562987,6.333817481994629,-1.0334938764572144,-4.541416645050049
Apsley House,https://upload.wikimedia.org/wikipedia/commons/thumb/9/9c/Apsley_House_1.JPG/1200px-Apsley_House_1.JPG,neoclassicism,-0.2802524268627167,-1.310042142868042,neoclassicism,-19.490379333496094,1.265724539756775,-2.1576075553894043,10.579636573791504,-4.052877426147462,7.742938995361327,-1.959529519081116,2.202759265899658
Santa Maria de Ripoll,http://www.turismo-prerromanico.com/wp-content/uploads/2016/06/RRIPOLL1.jpg,romanesque,-0.7967911958694458,0.8116878867149353,romanesque,15.26889705657959,-76.55528259277344,-0.2658725082874298,-6.272130489349365,0.37537556886672974,-0.8946194052696228,-1.434638738632202,-1.6881699562072754
Sainte Marie de la Tourette,http://www.fondationlecorbusier.fr/CorbuCache/900x720_2049_289.jpg?r=0,modernist,0.9939282536506652,-1.7673417329788208,modernist,27.82043838500977,-13.656557083129885,2.7913968563079834,5.829345703125,0.13128763437271118,5.667397975921631,-2.9646222591400133,1.5039514303207395
Northwestern National Life Insurance Building,http://www.roadarch.com/11/8/northwestern.jpg,modernist,-0.2750581502914429,-0.8556526303291321,modernist,-8.03244686126709,-3.726710319519043,-3.5686523914337163,7.76323652267456,-1.9511270523071291,6.497213840484619,-1.4184834957122805,1.4364733695983891
Salisbury Cathedral,https://upload.wikimedia.org/wikipedia/commons/7/7f/SalisburyCathedral-wyrdlight-EastExt.jpg,gothic,-0.7072299718856812,2.1015753746032715,gothic,31.19474601745605,-78.84452056884766,1.2677239179611206,-9.806018829345703,2.830674171447754,-2.5893497467041016,1.1476105451583862,-1.815310955047608
Wells Cathedral,https://visitbath.co.uk/imageresizer/?image=%2Fdmsimgs%2Fwells-cathedral_1945910008.jpg&action=ProductDetail,gothic,-0.3525369167327881,1.2879573106765747,gothic,26.27035522460937,-75.5328369140625,1.7559165954589844,-7.576949596405027,2.323006153106689,-1.1198363304138184,0.2423449605703354,-1.4937338829040527
St. Peter's Basilica,https://upload.wikimedia.org/wikipedia/commons/thumb/f/f5/Basilica_di_San_Pietro_in_Vaticano_September_2015-1a.jpg/1200px-Basilica_di_San_Pietro_in_Vaticano_September_2015-1a.jpg,renaissance,0.1990932673215866,0.9558129310607908,renaissance,3.528938770294189,-38.66974258422852,2.3822836875915527,-4.629461288452148,1.2443876266479492,0.6582010388374329,-0.417913556098938,-1.7409019470214844
Santa Maria Novella,https://upload.wikimedia.org/wikipedia/commons/thumb/c/c3/Santa_Maria_Novella.jpg/1200px-Santa_Maria_Novella.jpg,gothic,0.003212481737136841,1.1727150678634644,gothic,0.3050059378147125,-39.636627197265625,2.0549471378326416,-5.372919082641602,1.4980632066726685,0.16653113067150116,-0.433508962392807,-1.773227334022522
Mainz Cathedral,https://farm4.staticflickr.com/3516/3181988034_090a3d8160_c.jpg,romanesque,-1.05516254901886,0.3179549276828766,romanesque,-53.94918823242188,43.00849914550781,-7.5170226097106925,-2.9340977668762207,-3.547759532928467,-0.7604325413703918,-2.33838152885437,-0.7362106442451477
Times Square Building,http://www.rochestersubway.com/images/photos/times-square-building-rochester.jpg,art_deco,0.254267156124115,-3.1346261501312256,art_deco,42.62594985961914,-15.729023933410645,6.323260307312013,7.376657962799072,1.4157377481460571,8.342513084411621,-4.027819633483887,2.721097707748413
Agoudas Hakehilos Synagogue,https://upload.wikimedia.org/wikipedia/commons/thumb/9/9c/Guimard-4eme-artnouveau-10-rue-pavee-synagogue.jpg/1200px-Guimard-4eme-artnouveau-10-rue-pavee-synagogue.jpg,art_nouveau,0.4683798551559448,-0.24690863490104675,art_nouveau,-49.35960388183594,-15.288147926330565,1.1865837574005127,3.0824375152587886,-3.668647289276123,3.0943331718444824,-1.3583412170410156,1.0000104904174805
Basilica of Sant'Andrea,https://media-cdn.tripadvisor.com/media/photo-s/02/c2/2d/3a/basilica-di-sant-andrea.jpg,renaissance,0.08626232296228409,0.4179124236106873,renaissance,-4.483871936798097,48.27200698852539,-3.317498683929444,-2.621859550476074,-6.8172874450683585,1.9845212697982788,-3.973943710327149,0.2855440676212311
Villa Cornaro,https://upload.wikimedia.org/wikipedia/commons/thumb/4/47/VillaCornaro_2007_07_14_front_1.jpg/1200px-VillaCornaro_2007_07_14_front_1.jpg,renaissance,0.5106804966926575,0.08476012945175171,renaissance,10.119897842407227,-54.11198043823242,4.856220245361328,-4.032949924468993,3.7108228206634517,2.250767230987549,-0.18112051486968994,-1.4435671567916868
Pagoda of Fogong Temple,https://upload.wikimedia.org/wikipedia/commons/thumb/7/72/The_Fugong_Temple_Wooden_Pagoda.jpg/1200px-The_Fugong_Temple_Wooden_Pagoda.jpg,chinese,2.0551176071166988,3.4349913597106934,chinese,91.54424285888672,-26.44745445251465,6.007805347442628,14.366722106933596,8.549489974975586,-1.4788190126419067,2.060132503509521,2.159555435180664
Florence Cathedral,https://static.thousandwonders.net/Florence.Cathedral.original.12562.jpg,gothic,-2.1225407123565674,2.041727066040039,gothic,-43.456703186035156,65.25730133056639,-5.046090126037598,-10.039112091064453,-0.7698035240173341,-4.983855724334717,2.0857958793640137,-0.9027095437049866
Gyeongbokgung,https://upload.wikimedia.org/wikipedia/commons/thumb/9/9a/Gyeongbokgung-GeunJeongJeon.jpg/1200px-Gyeongbokgung-GeunJeongJeon.jpg,chinese,0.8466050624847412,1.6790733337402344,chinese,-7.0557289123535165,-68.51325225830078,7.412668704986572,-2.5231647491455083,5.266054153442383,2.0946028232574463,0.16269369423389435,-2.734755277633667
Potala Palace,https://upload.wikimedia.org/wikipedia/commons/thumb/c/cd/%E5%B8%83%E8%BE%BE%E6%8B%89%E5%AE%AB.jpg/1200px-%E5%B8%83%E8%BE%BE%E6%8B%89%E5%AE%AB.jpg,chinese,0.13653013110160828,0.3992154598236084,chinese,9.213047981262207,26.41729164123535,-6.3778138160705575,2.870166778564453,-5.7250847816467285,3.745782136917114,-2.737902879714966,0.5445443391799927
Temple of Heaven,https://upload.wikimedia.org/wikipedia/commons/thumb/8/87/11_Temple_of_Heaven.jpg/1200px-11_Temple_of_Heaven.jpg,chinese,1.955685257911682,2.1942951679229736,chinese,92.39939880371094,-35.06266403198242,5.010345935821533,16.212654113769528,8.579217910766603,-0.2958504557609558,2.232729434967041,2.045043468475342
The White House,http://s.newsweek.com/sites/www.newsweek.com/files/styles/lg/public/2016/02/19/shutterstock143468275.jpg,neoclassicism,-0.6654037237167358,-1.460502028465271,neoclassicism,-12.218307495117188,-5.040783882141113,-3.876363515853882,9.245691299438477,-2.6548311710357666,7.227578639984131,-1.614848494529724,1.877663254737854
Santo Spirito,https://upload.wikimedia.org/wikipedia/commons/thumb/6/6d/Chiesa_Santo_Spirito%2C_Firenze.jpg/1200px-Chiesa_Santo_Spirito%2C_Firenze.jpg,renaissance,0.04760512709617615,0.6820095181465149,renaissance,0.8348649144172668,10.756264686584473,-3.3406710624694824,2.886389970779419,-1.7043579816818235,2.048154592514038,-1.5449105501174931,-0.0978284627199173
Church of the Savior On Blood,http://www.saint-petersburg.com/images/cathedrals/church-resurrection-jesus-christ/church-of-our-savior-on-the-spilled-blood-in-st-petersburg.jpg,russian,-2.3231453895568848,-1.0290563106536863,russian,54.76074600219727,53.13174819946289,-10.607036590576172,6.0962233543396,-8.190958023071289,6.893462657928468,-1.7807695865631104,-2.343991756439209
Glasgow Cathedral,https://i.ytimg.com/vi/yxpzvAYIoKk/maxresdefault.jpg,gothic,-1.9314959049224851,3.195488452911377,gothic,-42.04032897949219,77.31348419189453,-5.345194339752197,-11.849237442016602,1.0494759082794192,-5.487385749816895,2.5342791080474854,-1.1387709379196167
Iberian Gate and Chapel,https://images.fineartamerica.com/images-medium-large-5/resurrection-gate-and-iberian-chapel-red-square-moscow-russia-jon-berghoff.jpg,russian,-1.2078032493591309,-0.5011926293373108,russian,16.313610076904293,20.51673698425293,-7.599532604217527,4.834184169769287,-6.280094623565674,5.455880641937256,-0.6619225740432739,0.227791965007782
Miami Dade County Courthouse,https://upload.wikimedia.org/wikipedia/commons/thumb/2/21/Dadecountycourthouse.jpg/1200px-Dadecountycourthouse.jpg,neoclassicism,0.1378338634967804,0.04442594200372696,neoclassicism,8.606689453125,-53.44619369506836,4.6460537910461435,-4.102433204650879,3.605003833770752,2.171253204345703,-0.1844792813062668,-1.3700110912322998
Casa Batllo,https://media-cdn.tripadvisor.com/media/photo-s/0e/62/c8/c1/casa-batllo-gaudi-barcelona.jpg,art_nouveau,0.740307092666626,-0.07634428888559341,art_nouveau,-60.45498657226562,-18.87831115722656,11.784738540649414,-6.407538414001465,-9.338061332702637,-0.493157684803009,-0.22364568710327148,2.6157350540161133
Ulm Minster,https://tourismus.ulm.de/web/we-bilder/inhalt/01_ulm/kirchen/muenster/dias/03_muenster.jpg,gothic,-1.5031381845474243,3.0164713859558105,gothic,-43.570255279541016,75.18898010253906,-4.746063709259033,-11.605052947998047,0.738486647605896,-5.43560791015625,2.424802541732788,-1.1002432107925415
Saint Anselm Church Creve Coeur,http://photos1.blogger.com/blogger/501/687/1600/Saint%20Anselm%20Church%2C%20Creve%20Coeur%2C%20Missouri%20-%20exterior.jpg,modernist,1.1978232860565186,0.6430075168609619,modernist,-11.900899887084961,-66.97784423828125,8.657510757446289,-2.3921284675598145,5.383618354797363,2.9497146606445312,0.06827904284000398,-3.0881319046020512
Palace of Heavenly Purity,http://hua.umf.maine.edu/China/HistoricBeijing/Forbidden_City/images/11palaceHeavenlyPurityHall_DSC_7470w.jpg,chinese,1.9038560390472408,2.626373052597046,chinese,88.03604125976562,-28.97886848449707,4.9927496910095215,14.826534271240234,8.245659828186035,-1.1908600330352783,1.996387004852295,2.1178026199340816
Hotel Central,https://i.pinimg.com/736x/10/9c/51/109c5193474dc5eeecc432cff963181c--art-nouveau-architecture-amazing-architecture.jpg,art_nouveau,0.5847010612487793,-0.07933652400970459,art_nouveau,-55.53213119506836,-18.802860260009766,10.940189361572266,-5.4949984550476065,-8.480766296386719,-0.21918345987796786,-0.480174332857132,2.0243403911590576
Grand Kremlin Palace,https://kremlintour.com/sites/default/files/styles/article/public/great-kremlin-palace-exterior-1.jpg?itok=7_oo4S2Z,russian,-2.0178544521331787,-1.0924993753433228,russian,16.151992797851562,25.08576202392578,-9.18038272857666,5.989903926849365,-7.09209680557251,6.424100399017334,-0.33460885286331177,0.14965970814228058
Rosenborg Castle,https://upload.wikimedia.org/wikipedia/commons/3/37/Rosenborg_cph.jpg,renaissance,-0.01182316243648529,0.439827024936676,renaissance,8.597009658813478,28.34910774230957,-6.9912967681884775,2.6991708278656006,-6.517879962921143,3.9532113075256334,-3.4199676513671875,0.5424326062202454
Saint Michael's Castle,https://media-cdn.tripadvisor.com/media/photo-s/0e/89/46/a3/st-michael-castle-st.jpg,russian,0.4049170017242432,1.141054630279541,russian,13.012843132019045,-54.78144073486328,4.2493858337402335,-4.881446838378906,3.5342028141021733,1.204355239868164,-0.2055334746837616,-1.6926151514053345
Jefferson Memorial,https://upload.wikimedia.org/wikipedia/commons/1/13/Jefferson_Memorial_At_Dusk_1.jpg,neoclassicism,0.08013147860765457,-0.4335987865924835,neoclassicism,21.210289001464844,-34.46311187744141,4.088789463043213,-2.056100845336914,2.1108260154724117,2.9618823528289795,-0.4163767099380493,-0.7114163041114807
Glasgow School of Art,http://www.abc.net.au/radionational/image/6531948-3x2-700x467.jpg,art_nouveau,0.6032560467720032,0.11873459815979005,art_nouveau,-47.99499130249024,-18.448183059692386,1.0074343681335451,2.0951552391052246,-3.740171194076538,2.413166284561157,-1.4393143653869631,0.7496057152748108
Museo del Prado,https://upload.wikimedia.org/wikipedia/commons/6/68/Museo_del_Prado_2016_%2825185969599%29.jpg,neoclassicism,0.6083837747573853,0.9638103246688844,neoclassicism,3.1110284328460693,-3.2459661960601807,-0.9880610704421996,7.9720869064331055,1.0967550277709959,3.727283477783203,-0.7630351781845093,-0.06089707836508751
84 Plymouth Grove,https://upload.wikimedia.org/wikipedia/commons/thumb/4/40/Gaskell_House_Plymouth_Grove_front.JPG/250px-Gaskell_House_Plymouth_Grove_front.JPG,neoclassicism,0.029987573623657227,-1.0016145706176758,neoclassicism,10.884899139404297,2.1700692176818848,-1.0932015180587769,5.742759704589844,-2.310390949249268,4.572521686553955,-1.99971604347229,1.0722469091415403
Speyer Cathedral,https://upload.wikimedia.org/wikipedia/commons/5/58/Speyer---Cathedral---West-View---%28Gentry%29.jpg,romanesque,-1.9613680839538568,0.4588049054145813,romanesque,-68.09599304199219,36.91151428222656,-10.82278823852539,-3.73595142364502,-4.760129928588867,-3.0578908920288086,-3.4236388206481934,-1.4882086515426636
Ming Tombs,http://pic.templetons.com/brad/photo/china/tombs/img_9000.jpg,chinese,0.4913119971752167,2.5208189487457275,chinese,71.22101593017578,-21.093772888183594,1.0597339868545532,8.541385650634767,-0.2738711535930633,3.8674137592315687,-2.469942569732666,1.4161258935928345
The Cite Radieuse,http://images.citybreakcdn.com/image.aspx?ImageId=2523120&width=1000&height=1000&fitaspect=1,modernist,1.2889480590820312,0.32435882091522217,modernist,-12.216224670410154,-69.32863616943361,8.601260185241701,-1.7290866374969482,5.432528495788574,3.278336763381958,-0.07594528049230576,-3.210477590560913
Abbaye aux Hommes,https://upload.wikimedia.org/wikipedia/commons/thumb/4/44/Chevet_abbHommes.JPG/1200px-Chevet_abbHommes.JPG,romanesque,-0.6825737953186035,1.2696151733398438,romanesque,-48.10551071166992,52.40581893920898,-5.815462112426758,-6.687455654144287,-1.4493852853775024,-2.3684582710266118,-1.87959372997284,-0.9932880401611328
Kizhi,https://i.pinimg.com/originals/09/c9/7e/09c97ea88471525922778b3dee4de2eb.jpg,russian,-2.292311191558838,-1.070759654045105,russian,55.54690933227539,55.53609848022461,-11.007818222045898,6.645174980163574,-8.486262321472168,6.9666500091552725,0.2852419316768646,0.2083536237478256
Angouleme Cathedral,https://farm8.staticflickr.com/7080/7181356725_66d9a59017_b.jpg,romanesque,-0.20038875937461853,0.8207902908325195,romanesque,20.486297607421875,-77.27678680419922,0.9068573713302612,-6.941492557525635,1.4398943185806274,-0.9308305382728576,-0.8405587077140808,-1.336457133293152
Bath Abbey,https://visitbath.co.uk/imageresizer/?image=%2Fdmsimgs%2FWest%20front2_1062409677.jpg&action=ProductDetail,gothic,-0.63397616147995,1.349786400794983,gothic,-47.07305145263672,41.498329162597656,-5.177963733673097,-5.33866548538208,-1.8055866956710809,-1.1469368934631348,-1.758173584938049,-0.5481368899345398
US Capitol,https://upload.wikimedia.org/wikipedia/commons/thumb/4/4f/US_Capitol_west_side.JPG/1200px-US_Capitol_west_side.JPG,neoclassicism,-1.0910334587097168,-0.5441455245018005,neoclassicism,12.383888244628904,21.523332595825195,-5.938960552215576,4.228971004486084,-4.816627502441406,4.417239189147949,-1.4176071882247925,0.24578413367271426
Winter Palace,http://justfunfacts.com/wp-content/uploads/2017/02/winter-palace.jpg,russian,-0.23813346028327945,0.4805863797664642,russian,19.658754348754886,-37.787445068359375,3.315890073776245,-2.561840057373047,1.9280890226364136,2.290323734283448,-0.5896731019020081,-0.8232074975967407
Postal Savings Bank,https://i.pinimg.com/originals/df/7b/02/df7b02ff92687c566d2354278f3dde80.jpg,art_nouveau,0.17565101385116574,-0.7880377173423767,art_nouveau,22.47300338745117,-2.86201548576355,0.1404895782470703,5.196824073791504,-2.1135854721069336,3.971054553985596,-1.9252455234527588,0.7394117712974548
Thonet House,https://media.izi.travel/1551e088-4b37-4b91-b019-f16d0859cfa6/6f3c7f55-6e35-4240-8fd4-7313b071d0c0_800x600.jpg,art_nouveau,0.3075706958770752,-0.7154307961463928,art_nouveau,14.607000350952148,-2.779376745223999,-1.23129403591156,4.468035697937012,-2.7285192012786865,3.462660789489746,-1.9762483835220337,0.6479067206382751
Isokon Building,https://www.themodernhouse.com/wp-content/uploads/tmh/26917/Isokon_restoration_complete.jpg,modernist,2.1047086715698238,-1.09117329120636,modernist,-38.2246208190918,-78.80402374267578,10.548994064331056,2.331503391265869,5.640687465667725,6.468497276306152,-1.2145296335220337,-4.226209163665772
Palazzo Farnese,https://upload.wikimedia.org/wikipedia/commons/thumb/b/ba/Palais_Farnese.jpg/1200px-Palais_Farnese.jpg,renaissance,0.11006038635969162,0.5287564992904663,renaissance,4.547236919403076,39.149505615234375,-2.456214904785156,0.4480295479297638,-4.611752986907959,2.6117281913757324,-2.584580183029175,0.3576885163784027
San Zaccaria,https://upload.wikimedia.org/wikipedia/commons/thumb/6/69/Chiesa_di_San_Zaccaria_Venezia.jpg/1200px-Chiesa_di_San_Zaccaria_Venezia.jpg,renaissance,0.2562717795372009,0.9224347472190856,renaissance,1.232180118560791,-34.770435333251946,1.897659540176392,-3.9509706497192383,0.9839127659797668,1.0363950729370115,-0.629611611366272,-1.239867091178894
American Red Cross National HQ,https://c1.staticflickr.com/4/3081/3120694291_bb01f1fd8e_b.jpg,neoclassicism,-0.9095213413238524,-1.918825030326844,neoclassicism,-17.98171615600586,-10.619253158569336,-4.027328968048097,11.63868522644043,-3.360063076019287,8.811629295349121,-1.6995257139205933,2.816490173339844
Notre Dame de Paris,https://upload.wikimedia.org/wikipedia/commons/thumb/c/c0/Notre_Dame_de_Paris_DSC_0846w.jpg/1200px-Notre_Dame_de_Paris_DSC_0846w.jpg,gothic,-1.394308090209961,1.2566410303115845,gothic,-51.60466766357422,49.84379959106445,-6.405673980712893,-5.904002666473389,-2.0247976779937744,-2.322899341583252,-2.0872981548309326,-1.0055001974105835
Schloss Bellevue,https://upload.wikimedia.org/wikipedia/commons/b/b0/Berlin_Schloss_Bellevue_001.JPG,neoclassicism,-0.4074320793151856,-0.7715006470680237,neoclassicism,2.8034543991088867,1.3572218418121338,-2.78198790550232,6.7225303649902335,-2.8027286529541016,5.427296161651611,-1.6862535476684568,0.9258074164390564
Trinity Cathedral,http://www.saint-petersburg.com/images/cathedrals/trinity-cathedral/trinity-cathedral-and-the-column-of-glory-on-troitskaya-ploshchad-in-st-petersburg.jpg,russian,-0.8192824125289917,-0.9063360691070556,russian,-13.278236389160154,-1.6716573238372805,-4.705567836761475,8.810830116271973,-3.645214080810547,6.664210319519043,-1.6011574268341064,1.7039917707443235
Majolikahaus,https://fthmb.tqn.com/2NTJ-VrcgHq8-oh-OqqIUJFey7M=/768x0/filters:no_upscale()/OttoWagner-95651381-56aadc063df78cf772b49717.jpg,art_nouveau,0.5783038735389711,-0.05868297070264816,art_nouveau,-56.40518188476562,-20.06380271911621,11.04820442199707,-5.606369018554688,-8.62409496307373,-0.29080745577812195,-0.3993793725967407,2.1503052711486816
Lindenbaum House,https://i.pinimg.com/originals/29/a5/4d/29a54d1c20619504b2c6499fe57a5cbe.jpg,art_nouveau,0.03697667270898819,0.3174574375152588,art_nouveau,22.420076370239254,2.0303878784179688,-0.6755614280700684,2.57422399520874,-3.2513859272003174,2.730459690093994,-2.2997360229492188,0.4589802920818329
Villa Langer,https://i.pinimg.com/originals/26/f5/38/26f538359e00179ede304e7aad760b2a.jpg,art_nouveau,0.5849604606628418,0.048759285360574715,art_nouveau,-49.39122772216797,-19.286937713623047,1.681737184524536,1.9802395105361936,-7.238082408905027,0.020956365391612053,-0.930292010307312,1.239322304725647
St. Vitus Cathdral,https://www.timetravelturtle.com/wp-content/uploads/2017/01/Czech-Republic-2016-6_new.jpg,gothic,-0.7684475779533386,1.719587326049805,gothic,-44.93688201904297,58.68922805786133,-5.364434242248535,-8.197093963623049,-0.5725569725036621,-3.3332576751708984,1.1631333827972412,-0.5688934326171875
Tempietto,https://i.pinimg.com/originals/dc/fc/97/dcfc97addf21d8980b1349fcaa7c2053.jpg,renaissance,0.4594162702560425,0.32026737928390503,renaissance,-1.1583746671676636,51.56889343261719,-2.137887954711914,-2.777719020843506,-7.472044467926025,2.695693254470825,-4.4212493896484375,0.3540499210357666
Cathedral of Santiago de Compostela,https://upload.wikimedia.org/wikipedia/commons/6/6c/Bas%C3%ADlica_de_Santiago_02.JPG,romanesque,-0.8953887224197388,0.6980038285255432,romanesque,-51.08821105957031,45.1417236328125,-6.676403999328612,-3.4474244117736816,-2.9660446643829346,-0.3192426860332489,-2.1356418132781982,-0.4332596063613892
Seville Cathedral,https://upload.wikimedia.org/wikipedia/commons/thumb/2/2b/Sevilla_Cathedral_-_Southeast.jpg/1200px-Sevilla_Cathedral_-_Southeast.jpg,gothic,-0.8122338056564331,1.8755065202713013,gothic,-41.71770477294922,59.40224075317383,-6.041572570800781,-9.24941349029541,0.3263052403926849,-3.8741633892059326,1.8534592390060425,-0.7050632238388062
Ely Cathedral,http://easterncathedrals.org.uk/img/main/main-ely.jpg,romanesque,-1.4560494422912598,0.9729472398757936,romanesque,-57.87273406982422,36.24508285522461,-7.911252975463867,-4.597485065460205,-3.01682448387146,-1.84026038646698,-2.4616856575012207,-1.0707869529724119
Church of the Holy Sepulchre,https://upload.wikimedia.org/wikipedia/commons/thumb/0/01/The_Church_of_the_Holy_Sepulchre-Jerusalem.JPG/1200px-The_Church_of_the_Holy_Sepulchre-Jerusalem.JPG,romanesque,-1.326251745223999,0.817435085773468,romanesque,16.981073379516598,-78.62427520751953,-1.0092852115631104,-6.514567852020264,-0.4617987275123596,-1.173864245414734,-2.0181019306182857,-1.388967514038086
Manfeilong White Pagoda,http://en.ynta.gov.cn/UploadFiles/DiscoverYunnan/2010/12/2010129132838.jpg,chinese,-2.109972715377808,-1.0050877332687378,chinese,56.94640350341797,53.67160415649414,-11.076789855957033,6.019282817840576,-8.313047409057617,7.164813995361327,-1.8047503232955933,-2.3898489475250244
Rouen Cathedral,https://upload.wikimedia.org/wikipedia/commons/thumb/1/1a/Rouen_Cathedral_as_seen_from_Gros_Horloge_140215_4.jpg/1200px-Rouen_Cathedral_as_seen_from_Gros_Horloge_140215_4.jpg,gothic,-0.7493290305137634,1.458920121192932,gothic,-45.71813201904297,57.21212387084961,-5.4749722480773935,-7.6830692291259775,-0.9226887822151184,-2.950881242752075,-1.4768937826156616,-0.6604561805725098
Mukden Palace,https://upload.wikimedia.org/wikipedia/commons/thumb/1/1a/Dazheng_Hall_070314.jpg/1200px-Dazheng_Hall_070314.jpg,chinese,2.3071951866149902,2.8596799373626722,chinese,93.48566436767578,-33.055221557617195,5.689661502838135,15.987249374389648,8.948506355285645,-0.659461259841919,2.2782351970672607,2.128041982650757
The Seccession Building,http://www.brynmawr.edu/cities/Cities/wld/06260/06260jm.jpg,art_nouveau,0.17832286655902865,-1.9227099418640137,art_nouveau,32.895584106445305,-14.477157592773438,4.157620906829834,6.488920211791992,0.5782222747802734,6.900104522705077,-3.3988728523254395,2.191735029220581
Chrysler Building,http://images.skyscrapercenter.com/building/nyc11.jpg,art_deco,0.5575346350669861,-2.1828410625457764,art_deco,25.629825592041016,-27.402080535888672,3.5626649856567383,7.571864128112793,1.5952100753784182,5.936545848846436,-3.4694151878356934,2.1723968982696533
Altes Museum,https://upload.wikimedia.org/wikipedia/commons/thumb/b/bf/Altes_Museum%2C_Berlin_2012.jpg/1200px-Altes_Museum%2C_Berlin_2012.jpg,neoclassicism,-0.5216869115829468,-1.241781234741211,neoclassicism,-10.963568687438963,-4.0433993339538565,-3.6122345924377437,8.919320106506348,-2.693945407867432,6.867549419403076,-1.7218056917190552,1.7072210311889648
Nan Tien Temple,https://www.weekendnotes.com/im/004/03/nan-tien-temple41.jpg,chinese,2.044798851013184,2.7005596160888667,chinese,91.6900405883789,-29.52738380432129,5.88125467300415,15.113570213317873,8.704530715942383,-1.042133331298828,2.156056880950928,2.1391613483428955
St. Mary's Cathedral,https://i.pinimg.com/236x/e8/0c/b8/e80cb8a38eb2d5b9e645734966d365fd--kenzo-tange.jpg,modernist,2.882951259613037,0.11471287161111833,modernist,-19.716800689697266,-72.83899688720703,11.143620491027832,-0.2891397178173065,6.794406414031982,4.99078369140625,-0.4602971076965332,-4.416530132293701
Alexander Palace,http://www.saint-petersburg.com/images/pushkin/alexander-palace/alexander-palace-in-tsarskoye-selo.jpg,neoclassicism,-0.8574492931365967,-1.7561897039413452,neoclassicism,-13.522674560546875,-7.667745590209961,-4.926898002624512,10.59319019317627,-2.542171001434326,8.527510643005371,-1.5959042310714722,2.665223836898804
San Martin de Fromista,https://upload.wikimedia.org/wikipedia/commons/thumb/9/93/San_Mart%C3%ADn_de_Fr%C3%B3mista2.JPG/1200px-San_Mart%C3%ADn_de_Fr%C3%B3mista2.JPG,romanesque,-2.0441210269927983,0.2879860103130341,romanesque,-72.49031066894531,37.90600204467773,-11.601852416992188,-4.078817844390868,-5.44956111907959,-3.2765493392944336,-3.662052154541016,-1.6549538373947144
Hotel Breakwater,https://t-ec.bstatic.com/images/hotel/max1024x768/249/24923293.jpg,art_deco,0.2744114398956299,-2.135814666748047,art_deco,35.275299072265625,-15.039563179016113,4.7482872009277335,6.889824390411378,0.7810244560241699,7.376756191253662,-3.6850507259368896,2.4063236713409424
Chartres Cathedral,https://throughjillseyes.files.wordpress.com/2016/05/chartresvarious_frch_130919_288.jpg?w=940,gothic,-1.1832820177078247,1.8386496305465696,gothic,-44.37992477416992,60.78015518188477,-5.251372814178467,-8.924253463745117,-0.3234377205371857,-3.8560168743133545,1.6586332321166992,-0.8038844466209412
The Admiralty Building,http://www.saint-petersburg.com/images/buildings/admiralty/one-wing-of-the-admiralty-building-in-st-petersburg.jpg,russian,0.11974690854549408,0.7045430541038513,russian,22.981319427490234,-51.8104362487793,5.371278762817383,-6.16480827331543,2.9565021991729736,1.5226409435272217,-0.12578974664211273,-2.036659479141236
Basilica Palladiana,https://upload.wikimedia.org/wikipedia/commons/thumb/5/53/Basilica_Palladiana_%28Vicenza%29_-_facade_on_Piazza_dei_signori.jpg/1200px-Basilica_Palladiana_%28Vicenza%29_-_facade_on_Piazza_dei_signori.jpg,renaissance,-0.2739607095718384,0.4604006111621857,renaissance,-7.6926331520080575,40.87591552734375,-4.7949090003967285,-0.8218170404434204,-5.021454334259033,0.9069339632987976,-3.0657613277435303,-0.1963900476694107
Palazzo Vecchio,https://upload.wikimedia.org/wikipedia/commons/c/c2/Firenze_Palazzo_della_Signoria%2C_better_known_as_the_Palazzo_Vecchio.jpg,renaissance,-0.030589282512664795,1.6883878707885742,renaissance,28.79180335998535,-73.89681243896484,2.84152889251709,-7.543368816375732,3.3407979011535645,-0.8086264133453369,0.4832172095775604,-1.8921691179275515
Chateau de Malmaison,https://upload.wikimedia.org/wikipedia/commons/thumb/e/e3/Chateaudemalmaison.jpg/1200px-Chateaudemalmaison.jpg,neoclassicism,-0.13463932275772095,-0.8105326294898987,neoclassicism,4.254649639129639,-0.13395270705223086,-1.9543635845184328,6.4734764099121085,-2.294310569763184,4.98463249206543,-1.9248925447463991,0.8994534015655518
Liuhe Pagoda,http://travelzhejiang.com/wp-content/uploads/2016/08/20160504-Hangzhou-014.jpg,chinese,1.589810490608215,2.378730773925781,chinese,80.37439727783203,-24.683218002319336,4.073057174682616,13.577442169189453,7.1886796951293945,-1.2146536111831665,1.5127497911453247,1.9483885765075684
White Tower,https://upload.wikimedia.org/wikipedia/commons/thumb/f/f0/Tower_of_London_White_Tower.jpg/1200px-Tower_of_London_White_Tower.jpg,romanesque,-1.6151235103607178,0.4777838289737701,romanesque,-62.17596054077149,40.1678466796875,-9.399900436401367,-4.239661693572998,-4.4074978828430185,-2.0576512813568115,-3.010972023010254,-1.1245858669281006
St. Stephens Cathedral,http://www.planetware.com/photos-large/A/austria-vienna-st-stephens-cathedral-2.jpg,gothic,-1.4093588590621948,3.0060803890228267,gothic,-47.09056854248047,70.14202880859375,-3.792114973068237,-10.900689125061037,0.02116725221276284,-5.471109390258789,2.30745530128479,-1.04803729057312
Baltimore Basilica,https://upload.wikimedia.org/wikipedia/commons/b/b0/BasilicaExterior.jpg,neoclassicism,-0.3874000310897827,-0.4858767688274384,neoclassicism,-11.153185844421387,28.508146286010746,-4.1963233947753915,5.567401885986328,-3.716850280761719,5.22545337677002,-1.6438486576080322,0.5681805014610289
Chicago Marina Apartments,https://i.pinimg.com/originals/38/4f/36/384f36144b64bb0bac02fea4960e88eb.jpg,modernist,1.6519263982772827,-0.8965933918952942,modernist,-14.152294158935547,-70.74268341064453,9.003552436828613,-1.3052784204483032,5.641490459442139,3.626407384872437,-0.12331782281398773,-3.4872031211853027
St. Peter and Paul Cathedral,https://upload.wikimedia.org/wikipedia/commons/a/a2/Saints_Peter_and_Paul_Cathedral_in_Peterhof_01.jpg,russian,-2.5267364978790283,-1.168277382850647,russian,62.48349380493164,61.0551986694336,-12.648098945617676,7.17694616317749,-9.000879287719727,7.974716663360598,0.5147513151168823,0.26518240571022034
Cathedral of Christ the Saviour,https://www.eyeflare.com/images/illustrations/1287-cathedral-christ-saviour-moscow.jpg,russian,-1.615303635597229,-0.6199718117713928,russian,18.826061248779297,19.90902709960937,-8.843719482421875,5.24280309677124,-7.174154281616211,5.913763999938965,-0.37452661991119385,0.287106454372406
Palazzo Strozzi,http://www.florencemuseumguide.com/wp-content/uploads/Palazzo-Strozzi-624x412.jpg,renaissance,-0.2688097953796387,0.3388903737068176,renaissance,-11.148225784301758,33.52375030517578,-4.4660000801086435,1.0890964269638062,-3.774988889694214,1.4445089101791382,-2.3585131168365483,0.06726713478565216
Hotel Dun Collectionneur,https://i.pinimg.com/originals/86/76/2c/86762c0d3dcf53f03668f9bb16492f79.jpg,art_deco,1.0138585567474363,-2.8027162551879883,art_deco,38.86554336547852,-20.71111869812012,5.715048313140869,6.018627643585205,1.7127870321273804,7.375576019287107,-3.8764166831970215,2.586255550384521
Petit Trianon,https://media.architecturaldigest.com/photos/55e76de1cd709ad62e8ed301/master/pass/dam-images-daily-2012-06-petit-trianon-petit-trianon-palace.jpg,neoclassicism,-0.6404816508293152,-1.146713376045227,neoclassicism,-19.36772918701172,-2.91296124458313,-3.295712947845459,9.782695770263672,-3.255678653717041,7.215230464935303,-1.7376325130462646,1.8110663890838623
Canterbury Cathedral,https://upload.wikimedia.org/wikipedia/commons/1/1f/Canterbury-cathedral-wyrdlight.jpg,gothic,-1.3407272100448608,2.1436939239501958,gothic,-47.92396545410156,66.39456176757811,-4.037179946899413,-9.734516143798828,-0.4017353057861328,-4.75290060043335,1.943169951438904,-0.9129030704498292
Empire State Building,https://static.thousandwonders.net/Empire.State.Building.original.141.jpg,art_deco,0.4670047461986542,-0.7392146587371826,art_deco,22.71815490722656,-32.18401336669922,4.922216415405273,-1.9146143198013303,2.62788200378418,3.422156572341919,-0.013674931600689888,-0.9497683644294742
Dessau Bauhaus,https://www.bauhaus100.de/bh100/export/sites/default/de/assets/bilder/Verbundmitglieder/Dessau/Startbild_bhd_bauhausdessau__DS_7178.jpg,modernist,1.0793781280517578,-0.7297216057777405,modernist,9.163816452026367,-3.447401285171509,-1.087993025779724,6.489255428314209,-1.6903634071350098,4.9114766120910645,-2.01765775680542,0.8664595484733582
Basilica di San Lorenzo,https://upload.wikimedia.org/wikipedia/commons/thumb/a/a7/Basilica_di_san_lorenzo_33.JPG/1200px-Basilica_di_san_lorenzo_33.JPG,renaissance,0.09614221751689912,0.4845881164073944,renaissance,23.70641326904297,4.574320793151856,-0.83709716796875,1.2788854837417605,-5.236976623535156,0.329091340303421,-3.008296012878418,0.19737635552883148
Fagus Factory,https://upload.wikimedia.org/wikipedia/commons/b/b3/Fagus_Gropius_Hauptgebaeude_200705_wiki_front.jpg,modernist,1.5215673446655271,0.2942310869693756,modernist,-13.992919921875,-68.43061065673828,8.887435913085938,-1.7142781019210815,5.5520362854003915,3.372103452682495,-0.07216045260429382,-3.3120243549346924
Ivan the Great Bell Tower,https://upload.wikimedia.org/wikipedia/commons/thumb/1/17/Clocher_d%27Ivan_le_Grand.jpg/1200px-Clocher_d%27Ivan_le_Grand.jpg,russian,-2.5738418102264404,-1.000724196434021,russian,52.23197555541992,54.66009902954102,-10.32188892364502,6.6681270599365225,-8.330493927001951,6.486371040344237,0.2151263803243637,0.2451968491077423
Hall of Union and Peace,http://hua.umf.maine.edu/China/HistoricBeijing/Forbidden_City/images/13UnionPeaceEast_DSC_7582w.jpg,chinese,1.6425809860229492,2.8530702590942383,chinese,82.25070190429688,-22.404613494873047,5.311402320861816,13.316452026367188,7.543917179107666,-1.884147882461548,1.6068670749664309,2.143195629119873
Basilica of St. Denis,https://upload.wikimedia.org/wikipedia/commons/thumb/4/48/Saint-Denis_-_Fa%C3%A7ade.jpg/1200px-Saint-Denis_-_Fa%C3%A7ade.jpg,gothic,-0.5807828307151794,0.8472551107406616,gothic,-48.46941757202149,44.72032928466797,-5.81049394607544,-3.545069456100464,-2.531787633895874,0.2365240454673767,-1.9238927364349363,-0.33657002449035645
Cathedral of the Archangel,http://static.panoramio.com/photos/large/55560566.jpg,russian,-3.001217126846313,-1.3918161392211914,russian,56.59932327270508,61.84062194824219,-12.771835327148438,6.1345977783203125,-9.478193283081056,7.461199283599853,-1.905272841453552,-2.647883892059326
The Delano,https://i.pinimg.com/736x/d1/78/5a/d1785a554f9b19151e15140308335fd4--south-beach-miami-beach.jpg,art_deco,0.3899368941783905,-2.57705020904541,art_deco,39.18476104736328,-17.388404846191403,5.535539627075195,6.8567962646484375,1.2948981523513794,7.7278194427490225,-3.885985374450684,2.5983335971832275
Florin Court,https://upload.wikimedia.org/wikipedia/commons/thumb/d/df/Whitehaven_Mansions.jpg/1200px-Whitehaven_Mansions.jpg,art_deco,0.19799600541591644,-0.785444974899292,art_deco,13.65709400177002,-5.79450798034668,-1.4858736991882324,4.6715288162231445,-1.946594715118408,3.2725157737731934,-1.8621799945831297,0.4748647809028626
Modena Cathedral,http://www.laguidadimodena.it/duomo-di-modena_IM31062.jpg,romanesque,-0.4240456223487854,0.4281290769577025,romanesque,-40.54361343383789,39.99543762207031,-2.382270097732544,2.0842230319976807,-3.0446546077728267,1.5574182271957395,-2.1569366455078125,-0.0022206739522516727
Sanctuary of the Divine Mercy,https://s.inyourpocket.com/gallery/147310.jpg,modernist,2.0955674648284908,-0.6253376007080078,modernist,-36.7320442199707,-77.6030044555664,10.444585800170898,2.205055952072144,5.612250328063965,6.378246307373048,-1.1511622667312622,-4.150331974029541
Puning Temple,http://www.travelsignpostschina.com/wp-content/uploads/2015/04/20150403223657-618e9362-me-634x419.jpg,chinese,1.0080406665802002,2.021453857421875,chinese,74.03570556640625,-22.370126724243164,3.034139394760132,12.19044589996338,0.13012583553791046,3.6700742244720463,0.3215726613998413,1.5093700885772705
Cube House,https://upload.wikimedia.org/wikipedia/commons/thumb/9/9a/Rotterdam_Cube_House_street_view.jpg/1200px-Rotterdam_Cube_House_street_view.jpg,modernist,-0.10719648003578186,0.5705684423446655,modernist,-39.33510208129883,39.10065078735352,-2.0175788402557373,2.4232020378112797,-2.6811232566833496,1.6333820819854736,-2.039514780044556,0.026463406160473824
Xi'an City Wall,http://cdn.cnn.com/cnnnext/dam/assets/151130222119-xian-city-wall-5-super-169.jpg,chinese,1.9627342224121087,2.684542655944824,chinese,90.01647186279297,-28.17804718017578,5.339691638946533,14.547390937805176,8.280123710632324,-1.2709556818008425,1.9986581802368164,2.1269335746765137
Catherine Palace,http://www.visit-petersburg.ru/media/uploads/tourobject/196857/196857_cover.jpg.1050x700_q95_crop_upscale.jpg,russian,-0.6165062785148621,-0.29783356189727783,russian,17.440784454345707,13.80433177947998,-5.470593929290772,5.844105243682861,-4.136694431304932,4.718530654907227,-1.391548752784729,0.5994941592216492
Strand Palace Hotel,https://t-ec.bstatic.com/images/hotel/max1024x768/106/106527613.jpg,art_deco,0.3609563112258911,-2.840481996536255,art_deco,40.8314323425293,-13.896442413330078,5.765471458435059,7.666442394256593,1.1693472862243652,8.253108024597168,-3.990753650665283,2.673705816268921
Notre Dame la Grande,https://upload.wikimedia.org/wikipedia/commons/thumb/e/e8/Notre-Dame_la_Grande_%28large_short%29.jpg/1200px-Notre-Dame_la_Grande_%28large_short%29.jpg,romanesque,-1.278013825416565,0.9223398566246032,romanesque,-55.02165222167969,48.47150039672852,-7.22005033493042,-5.324045181274414,-2.812320709228516,-2.2357966899871826,-2.6596720218658447,-1.1211614608764648
Albert Street,https://i.pinimg.com/originals/51/2b/0d/512b0d38e457ba9895ca3161712c7456.jpg,art_nouveau,0.6288273334503174,-0.043342843651771545,art_nouveau,-59.04254531860352,-20.339061737060547,11.602049827575685,-6.202394008636475,-9.161863327026367,-0.4519813060760498,-0.2667032480239868,2.5023386478424072
Palazzo Pitti,http://cdn3.discovertuscany.com/img/florence/museums/pitti-palace/pitti-palace-courtyard.jpg?w=750&q=65,renaissance,-0.287951797246933,0.20997567474842072,renaissance,-14.12155055999756,32.5430908203125,-5.585690975189209,0.8467660546302795,-3.603927135467529,0.6274702548980713,-2.438436508178711,-0.2618918120861053
Kremlin,https://fthmb.tqn.com/KIEkCObtJZ4ekCTaVaWYBIi8DDs=/960x0/filters:no_upscale()/Grand-Kremlin-Palace-56a39fe85f9b58b7d0d2d4e4.jpg,russian,-1.0570327043533323,-0.3817079067230225,russian,13.710404396057127,22.444284439086914,-6.234489440917969,4.431849002838135,-4.963019371032715,4.724381923675537,-1.2288804054260254,0.1884814947843552
